,CDR3 length,pdb1,pdb2,RMSD
0,17,7n9c_D,7qbe_E,2.7
1,17,7n9c_D,7ar0_B,3.0
2,17,7n9c_D,7r98_D,2.7
3,17,7n9c_D,7pqg_B,2.3
4,17,7ar0_B,7pqg_B,2.4
5,17,7ar0_B,7qbe_E,2.2
6,17,7ar0_B,7r98_D,2.9
7,17,7ar0_B,7n9c_D,3.0
8,17,7qbe_E,7ar0_B,2.2
9,17,7qbe_E,7r98_D,3.0
10,17,7qbe_E,7pqg_B,1.6
11,17,7qbe_E,7n9c_D,2.7
12,17,7r98_D,7pqg_B,3.1
13,17,7r98_D,7n9c_D,2.7
14,17,7r98_D,7ar0_B,2.9
15,17,7r98_D,7qbe_E,3.0
16,24,7d8b_B,7fat_B,10.6
17,24,7d8b_B,7d6y_B,0.5
18,24,7d6y_B,7d8b_B,0.5
19,24,7d6y_B,7fat_B,10.1
20,9,7l6v_D,7kd0_C,5.8
21,9,7l6v_D,7f5g_B,4.9
22,9,7l6v_D,7lzp_C,0.3
23,9,7l6v_D,7te8_C,2.4
24,9,7l6v_D,7t5f_B,8.1
25,9,7l6v_D,7t5f_C,2.2
26,9,7l6v_D,7te8_A,3.1
27,9,7kd0_C,7f5g_B,4.7
28,9,7kd0_C,7lzp_C,6.0
29,9,7kd0_C,7t5f_B,8.1
30,9,7kd0_C,7l6v_D,5.8
31,9,7kd0_C,7te8_A,5.2
32,9,7kd0_C,7t5f_C,5.4
33,9,7kd0_C,7te8_C,6.5
34,9,7lzp_C,7l6v_D,0.3
35,9,7lzp_C,7t5f_C,2.3
36,9,7lzp_C,7te8_A,3.1
37,9,7lzp_C,7f5g_B,5.0
38,9,7lzp_C,7te8_C,2.3
39,9,7lzp_C,7kd0_C,6.0
40,9,7lzp_C,7t5f_B,8.0
41,9,7te8_A,7l6v_D,3.1
42,9,7te8_A,7t5f_B,9.2
43,9,7te8_A,7t5f_C,2.9
44,9,7te8_A,7f5g_B,4.9
45,9,7te8_A,7lzp_C,3.1
46,9,7te8_A,7kd0_C,5.2
47,9,7te8_A,7te8_C,2.4
48,9,7te8_C,7l6v_D,2.4
49,9,7te8_C,7lzp_C,2.3
50,9,7te8_C,7te8_A,2.4
51,9,7te8_C,7f5g_B,5.2
52,9,7te8_C,7t5f_C,2.6
53,9,7te8_C,7t5f_B,8.6
54,9,7te8_C,7kd0_C,6.5
55,9,7t5f_B,7f5g_B,6.9
56,9,7t5f_B,7kd0_C,8.1
57,9,7t5f_B,7lzp_C,8.0
58,9,7t5f_B,7l6v_D,8.1
59,9,7t5f_B,7t5f_C,8.2
60,9,7t5f_B,7te8_C,8.6
61,9,7t5f_B,7te8_A,9.2
62,9,7f5g_B,7t5f_B,6.9
63,9,7f5g_B,7l6v_D,4.9
64,9,7f5g_B,7t5f_C,4.2
65,9,7f5g_B,7lzp_C,5.0
66,9,7f5g_B,7te8_C,5.2
67,9,7f5g_B,7kd0_C,4.7
68,9,7f5g_B,7te8_A,4.9
69,6,7p5v_G,7ngh_D,1.7
70,6,7p5v_G,7ocy_C,3.0
71,6,7p5v_G,7czd_A,8.5
72,6,7p5v_G,7ndf_C,6.5
73,6,7p5v_G,7cz0_E,0.6
74,6,7p5v_G,7p6k_G,1.5
75,6,7ocy_C,7ndf_C,4.5
76,6,7ocy_C,7p6k_G,2.2
77,6,7ocy_C,7p5v_G,3.0
78,6,7ocy_C,7ngh_D,1.8
79,6,7ocy_C,7cz0_E,3.0
80,6,7ocy_C,7czd_A,6.7
81,6,7cz0_E,7czd_A,9.0
82,6,7cz0_E,7ngh_D,2.2
83,6,7cz0_E,7ocy_C,3.0
84,6,7cz0_E,7p6k_G,1.7
85,6,7cz0_E,7p5v_G,0.6
86,6,7cz0_E,7ndf_C,6.9
87,6,7p6k_G,7ocy_C,2.2
88,6,7p6k_G,7cz0_E,1.7
89,6,7p6k_G,7p5v_G,1.5
90,6,7p6k_G,7czd_A,7.7
91,6,7p6k_G,7ngh_D,1.0
92,6,7p6k_G,7ndf_C,5.8
93,6,7czd_A,7ngh_D,7.2
94,6,7czd_A,7cz0_E,9.0
95,6,7czd_A,7p6k_G,7.7
96,6,7czd_A,7p5v_G,8.5
97,6,7czd_A,7ndf_C,3.7
98,6,7czd_A,7ocy_C,6.7
99,6,7ndf_C,7ocy_C,4.5
100,6,7ndf_C,7ngh_D,5.4
101,6,7ndf_C,7p5v_G,6.5
102,6,7ndf_C,7czd_A,3.7
103,6,7ndf_C,7cz0_E,6.9
104,6,7ndf_C,7p6k_G,5.8
105,16,6zwk_A,7e6u_B,5.0
106,16,6zwk_A,7djx_A,4.7
107,16,6zwk_A,7ooi_A,11.4
108,16,6zwk_A,7vfa_D,5.5
109,16,6zwk_A,7omn_A,4.1
110,16,6zwk_A,7d4b_B,11.8
111,16,6zwk_A,7qbg_E,3.4
112,16,6zwk_A,7p60_G,3.8
113,16,7d4b_B,6zwk_A,11.8
114,16,7d4b_B,7ooi_A,9.5
115,16,7d4b_B,7e6u_B,12.7
116,16,7d4b_B,7vfa_D,12.1
117,16,7d4b_B,7p60_G,11.6
118,16,7d4b_B,7omn_A,11.1
119,16,7d4b_B,7djx_A,13.2
120,16,7d4b_B,7qbg_E,13.0
121,16,7e6u_B,7ooi_A,12.0
122,16,7e6u_B,6zwk_A,5.0
123,16,7e6u_B,7vfa_D,3.2
124,16,7e6u_B,7djx_A,3.3
125,16,7e6u_B,7qbg_E,5.3
126,16,7e6u_B,7p60_G,3.7
127,16,7e6u_B,7omn_A,6.0
128,16,7e6u_B,7d4b_B,12.7
129,16,7vfa_D,6zwk_A,5.5
130,16,7vfa_D,7p60_G,2.6
131,16,7vfa_D,7ooi_A,11.0
132,16,7vfa_D,7e6u_B,3.2
133,16,7vfa_D,7omn_A,5.1
134,16,7vfa_D,7djx_A,3.7
135,16,7vfa_D,7qbg_E,5.5
136,16,7vfa_D,7d4b_B,12.1
137,16,7omn_A,6zwk_A,4.1
138,16,7omn_A,7p60_G,4.1
139,16,7omn_A,7vfa_D,5.1
140,16,7omn_A,7d4b_B,11.1
141,16,7omn_A,7qbg_E,4.3
142,16,7omn_A,7e6u_B,6.0
143,16,7omn_A,7ooi_A,9.4
144,16,7omn_A,7djx_A,5.6
145,16,7p60_G,6zwk_A,3.8
146,16,7p60_G,7omn_A,4.1
147,16,7p60_G,7vfa_D,2.6
148,16,7p60_G,7e6u_B,3.7
149,16,7p60_G,7ooi_A,10.8
150,16,7p60_G,7djx_A,3.7
151,16,7p60_G,7d4b_B,11.6
152,16,7p60_G,7qbg_E,4.5
153,16,7qbg_E,7omn_A,4.3
154,16,7qbg_E,7d4b_B,13.0
155,16,7qbg_E,7djx_A,5.4
156,16,7qbg_E,6zwk_A,3.4
157,16,7qbg_E,7ooi_A,11.9
158,16,7qbg_E,7vfa_D,5.5
159,16,7qbg_E,7p60_G,4.5
160,16,7qbg_E,7e6u_B,5.3
161,16,7ooi_A,6zwk_A,11.4
162,16,7ooi_A,7qbg_E,11.9
163,16,7ooi_A,7e6u_B,12.0
164,16,7ooi_A,7d4b_B,9.5
165,16,7ooi_A,7p60_G,10.8
166,16,7ooi_A,7omn_A,9.4
167,16,7ooi_A,7djx_A,12.1
168,16,7ooi_A,7vfa_D,11.0
169,12,7oan_F,7p5w_G,11.6
170,12,7oan_F,7s7r_B,9.9
171,12,7oan_F,7b2p_D,5.0
172,12,7oan_F,7r4q_D,4.6
173,12,7oan_F,7p5y_G,11.5
174,12,7p5w_G,7p5y_G,4.3
175,12,7p5w_G,7s7r_B,13.5
176,12,7p5w_G,7b2p_D,12.3
177,12,7p5w_G,7r4q_D,12.0
178,12,7p5w_G,7oan_F,11.6
179,12,7s7r_B,7r4q_D,7.2
180,12,7s7r_B,7b2p_D,6.7
181,12,7s7r_B,7p5y_G,11.9
182,12,7s7r_B,7p5w_G,13.5
183,12,7s7r_B,7oan_F,9.9
184,12,7b2p_D,7p5w_G,12.3
185,12,7b2p_D,7oan_F,5.0
186,12,7b2p_D,7s7r_B,6.7
187,12,7b2p_D,7r4q_D,3.7
188,12,7b2p_D,7p5y_G,11.3
189,12,7p5y_G,7p5w_G,4.3
190,12,7p5y_G,7oan_F,11.5
191,12,7p5y_G,7s7r_B,11.9
192,12,7p5y_G,7b2p_D,11.3
193,12,7p5y_G,7r4q_D,10.9
194,14,7m1h_F,7l6v_C,4.7
195,14,7m1h_F,7o06_A,5.2
196,14,7m1h_F,7php_N,5.0
197,14,7m1h_F,7sl9_B,6.9
198,14,7m1h_F,7djy_A,12.7
199,14,7m1h_F,7qiv_C,12.8
200,14,7php_N,7djy_A,14.3
201,14,7php_N,7l6v_C,6.6
202,14,7php_N,7qiv_C,14.8
203,14,7php_N,7sl9_B,10.5
204,14,7php_N,7m1h_F,5.0
205,14,7php_N,7o06_A,6.6
206,14,7sl9_B,7php_N,10.5
207,14,7sl9_B,7m1h_F,6.9
208,14,7sl9_B,7qiv_C,8.7
209,14,7sl9_B,7l6v_C,7.5
210,14,7sl9_B,7djy_A,9.0
211,14,7sl9_B,7o06_A,5.8
212,14,7o06_A,7sl9_B,5.8
213,14,7o06_A,7qiv_C,10.9
214,14,7o06_A,7php_N,6.6
215,14,7o06_A,7l6v_C,4.5
216,14,7o06_A,7djy_A,11.1
217,14,7o06_A,7m1h_F,5.2
218,14,7l6v_C,7m1h_F,4.7
219,14,7l6v_C,7qiv_C,12.5
220,14,7l6v_C,7php_N,6.6
221,14,7l6v_C,7o06_A,4.5
222,14,7l6v_C,7djy_A,12.6
223,14,7l6v_C,7sl9_B,7.5
224,14,7qiv_C,7l6v_C,12.5
225,14,7qiv_C,7o06_A,10.9
226,14,7qiv_C,7m1h_F,12.8
227,14,7qiv_C,7php_N,14.8
228,14,7qiv_C,7sl9_B,8.7
229,14,7qiv_C,7djy_A,2.8
230,19,7tpr_D,7vfb_B,17.5
231,19,7tpr_D,7e53_B,15.3
232,19,7tpr_D,7fau_B,15.2
233,19,7fau_B,7vfb_B,5.2
234,19,7fau_B,7tpr_D,15.2
235,19,7fau_B,7e53_B,3.5
236,19,7e53_B,7fau_B,3.5
237,19,7e53_B,7tpr_D,15.3
238,19,7e53_B,7vfb_B,3.5
239,18,7z1b_E,7nqk_B,4.9
240,18,7z1b_E,7anq_B,3.3
241,18,7z1b_E,7z1a_E,0.6
242,18,7z1b_E,7z1c_E,0.4
243,18,7anq_B,7z1a_E,3.4
244,18,7anq_B,7z1b_E,3.3
245,18,7anq_B,7z1c_E,3.6
246,18,7anq_B,7nqk_B,3.3
247,18,7z1c_E,7z1b_E,0.4
248,18,7z1c_E,7nqk_B,5.1
249,18,7z1c_E,7anq_B,3.6
250,18,7z1c_E,7z1a_E,0.7
251,18,7z1a_E,7nqk_B,4.9
252,18,7z1a_E,7z1b_E,0.6
253,18,7z1a_E,7anq_B,3.4
254,18,7z1a_E,7z1c_E,0.7
255,13,7nft_C,7tpr_F,7.5
256,13,7nft_C,7m1h_E,8.8
257,13,7m1h_E,7nft_C,8.8
258,13,7m1h_E,7tpr_F,5.7
259,21,7rby_B,7lzp_B,5.4
260,21,7rby_B,7s2r_B,7.5
261,21,7lzp_B,7rby_B,5.4
262,21,7lzp_B,7s2r_B,7.2
263,8,7nfr_B,7nfq_C,1.5
264,8,7nfr_B,7apj_B,6.4
265,8,7nfr_B,7l6v_B,5.6
266,8,7l6v_B,7nfq_C,6.0
267,8,7l6v_B,7nfr_B,5.6
268,8,7l6v_B,7apj_B,6.2
269,8,7apj_B,7l6v_B,6.2
270,8,7apj_B,7nfq_C,5.9
271,8,7apj_B,7nfr_B,6.4
272,15,7r63_A,7r4i_D,3.8
273,15,7r63_A,7nqa_C,15.0
274,15,7r63_A,7olz_B,4.3
275,15,7r63_A,7zfb_M,4.4
276,15,7olz_B,7r63_A,4.3
277,15,7olz_B,7zfb_M,2.2
278,15,7olz_B,7r4i_D,3.4
279,15,7olz_B,7nqa_C,16.0
280,15,7r4i_D,7r63_A,3.8
281,15,7r4i_D,7nqa_C,15.2
282,15,7r4i_D,7zfb_M,3.8
283,15,7r4i_D,7olz_B,3.4
284,15,7nqa_C,7r63_A,15.0
285,15,7nqa_C,7zfb_M,16.9
286,15,7nqa_C,7r4i_D,15.2
287,15,7nqa_C,7olz_B,16.0
288,20,7na9_D,7na9_D,0.0
289,10,7r74_B,7r20_B,7.9
290,7,7rnn_C,7rnn_C,0.0
291,3,7lzp_G,7lzp_G,0.0
292,11,7r4r_D,7r4r_D,0.0
